{"cameraMode":{"drawMode":0,"name":"Shaded","section":"Shading Mode"},"sceneLighting":true,"audioPlay":false,"sceneViewState":{"m_AlwaysRefresh":false,"showFog":true,"showSkybox":true,"showFlares":true,"showImageEffects":true,"showParticleSystems":true,"showVisualEffectGraphs":true,"m_FxEnabled":true},"in2DMode":false,"pivot":{"x":1.0982866287231446,"y":2.9799182415008547,"z":-7.252479553222656},"rotation":{"x":0.036195799708366397,"y":-0.07638005912303925,"z":0.0027745068073272707,"w":0.9964193105697632},"size":1.658312439918518,"orthographic":false}