{"cameraMode":{"drawMode":0,"name":"Shaded","section":"Shading Mode"},"sceneLighting":true,"audioPlay":false,"sceneViewState":{"m_AlwaysRefresh":false,"showFog":true,"showSkybox":true,"showFlares":true,"showImageEffects":true,"showParticleSystems":true,"showVisualEffectGraphs":true,"m_FxEnabled":true},"in2DMode":false,"pivot":{"x":-0.433300256729126,"y":6.251920223236084,"z":-29.53691291809082},"rotation":{"x":0.0018099888693541289,"y":0.004495842847973108,"z":-0.00000803021430328954,"w":1.0000029802322388},"size":0.8660253882408142,"orthographic":false}