{"cameraMode":{"drawMode":0,"name":"Shaded","section":"Shading Mode"},"sceneLighting":true,"audioPlay":false,"sceneViewState":{"m_AlwaysRefresh":false,"showFog":true,"showSkybox":true,"showFlares":true,"showImageEffects":true,"showParticleSystems":true,"showVisualEffectGraphs":true,"m_FxEnabled":true},"in2DMode":false,"pivot":{"x":628.7976684570313,"y":230.8685302734375,"z":-88.43669128417969},"rotation":{"x":0.04864317178726196,"y":0.020472103729844095,"z":0.001127316732890904,"w":0.9985980987548828},"size":307.8597412109375,"orthographic":false}